{
    "accuracy": 0.3333333333333333,
    "accuracy_filtered_v1": 0.25396825396825395,
    "accuracy_filtered_v2": 0.28699551569506726,
    "counter": 252,
    "successful": 84,
    "unsuccessful": 0,
    "exact_matches": [
        0,
        0,
        0,
        1,
        1,
        0,
        109,
        0,
        0,
        186,
        0,
        3,
        0,
        16,
        0,
        186,
        109,
        18,
        23,
        0,
        0,
        101,
        27,
        1,
        3,
        23,
        0,
        29,
        41,
        0,
        0,
        8,
        3,
        6,
        29,
        9,
        186,
        0,
        9,
        9,
        0,
        9,
        36,
        41,
        186,
        0,
        33,
        1,
        29,
        10,
        69,
        29,
        1,
        33,
        1,
        33,
        1,
        58,
        0,
        28,
        0,
        4,
        15,
        58,
        0,
        2,
        0,
        0,
        0,
        15,
        58,
        0,
        0,
        51,
        0,
        0,
        11,
        1,
        109,
        23,
        29,
        40,
        27,
        3,
        0,
        0,
        9,
        0,
        0,
        96,
        96,
        12,
        4,
        31,
        4,
        28,
        0,
        0,
        28,
        31,
        28,
        31,
        10,
        0,
        0,
        109,
        46,
        0,
        103,
        0,
        1329,
        0,
        1,
        20,
        51,
        1,
        15,
        1,
        19,
        41,
        0,
        9,
        2,
        0,
        2,
        25,
        16,
        2,
        0,
        0,
        109,
        0,
        41,
        66,
        7,
        0,
        7,
        1,
        0,
        0,
        0,
        0,
        2,
        1,
        0,
        1,
        1,
        109,
        45,
        2,
        45,
        0,
        2,
        0,
        0,
        23,
        3,
        23,
        0,
        0,
        19,
        0,
        0,
        13,
        1,
        6,
        0,
        0,
        1,
        10,
        1,
        7,
        0,
        1,
        10,
        1,
        0,
        1,
        8,
        0,
        14,
        62,
        59,
        2,
        3,
        25,
        3,
        2,
        11,
        0,
        0,
        0,
        2,
        0,
        1,
        0,
        0,
        0,
        0,
        25,
        0,
        0,
        0,
        1,
        0,
        0,
        23,
        0,
        0,
        74,
        2,
        131,
        7,
        109,
        27,
        174,
        0,
        0,
        0,
        7,
        0,
        174,
        19,
        7,
        0,
        8,
        8,
        4,
        0,
        0,
        8,
        0,
        0,
        32,
        31,
        1,
        1,
        8,
        1,
        1,
        7,
        0,
        0,
        14,
        0,
        1,
        7,
        0,
        6,
        2,
        0,
        1
    ],
    "exact_matches_true": 20,
    "average_exact_matches": 24.015873015873016
}