{
    "num_one_exact_match": 7.492,
    "num_greater_one_exact_match": 88.599,
    "num_no_exact_match": 3.909,
    "accuracy_cleared_of_exact": 0.15008,
    "percentage_exact_matches_successful": 0.7,
    "average_exact_matches": 28.309,
    "exact_matches_true": 16,
    "unsuccessful": 0,
    "successful": 69,
    "counter": 307,
    "accuracy_filtered_v2": 0.187,
    "accuracy_filtered_v1": 0.17263843648208468,
    "accuracy": 0.225,
    "exact_matches": [
        4,
        54,
        9,
        17,
        7,
        52,
        54,
        4,
        24,
        40,
        68,
        17,
        10,
        10,
        1,
        14,
        2,
        4,
        15,
        1,
        17,
        31,
        13,
        48,
        12,
        17,
        22,
        30,
        22,
        26,
        19,
        22,
        11,
        42,
        17,
        9,
        17,
        1,
        7,
        22,
        14,
        6,
        22,
        10,
        41,
        91,
        4,
        12,
        128,
        1,
        49,
        217,
        48,
        46,
        18,
        0,
        12,
        8,
        15,
        7,
        23,
        25,
        3,
        2,
        75,
        8,
        33,
        26,
        80,
        54,
        102,
        5,
        0,
        17,
        186,
        1,
        9,
        53,
        17,
        200,
        36,
        22,
        21,
        4,
        143,
        13,
        26,
        17,
        7,
        17,
        15,
        8,
        19,
        17,
        10,
        60,
        0,
        0,
        21,
        27,
        15,
        2,
        19,
        17,
        22,
        5,
        6,
        17,
        1,
        17,
        33,
        21,
        10,
        27,
        7,
        2,
        1,
        37,
        0,
        17,
        4,
        25,
        40,
        25,
        22,
        17,
        43,
        17,
        34,
        94,
        50,
        1,
        44,
        9,
        16,
        17,
        5,
        17,
        1,
        74,
        16,
        17,
        11,
        10,
        22,
        4,
        17,
        25,
        0,
        17,
        20,
        52,
        2,
        7,
        1,
        44,
        0,
        54,
        27,
        53,
        33,
        17,
        14,
        15,
        17,
        1,
        79,
        14,
        9,
        27,
        22,
        29,
        3,
        17,
        50,
        6,
        14,
        33,
        1,
        15,
        7,
        45,
        70,
        17,
        47,
        41,
        25,
        104,
        100,
        32,
        3,
        20,
        70,
        1,
        17,
        17,
        6,
        14,
        38,
        43,
        9,
        1,
        6,
        1,
        26,
        17,
        26,
        129,
        26,
        28,
        29,
        7,
        17,
        138,
        92,
        119,
        1,
        54,
        61,
        17,
        29,
        1,
        54,
        17,
        107,
        97,
        7,
        17,
        34,
        57,
        70,
        17,
        11,
        30,
        14,
        1,
        17,
        17,
        1,
        10,
        93,
        0,
        10,
        0,
        5,
        28,
        23,
        17,
        10,
        75,
        3,
        14,
        141,
        22,
        0,
        26,
        17,
        20,
        17,
        17,
        72,
        22,
        15,
        4,
        19,
        10,
        3,
        3,
        17,
        0,
        28,
        27,
        2,
        80,
        11,
        12,
        17,
        0,
        7,
        19,
        48,
        11,
        4,
        17,
        1,
        102,
        6,
        9,
        1,
        33,
        128,
        217,
        5,
        8,
        17,
        6,
        104,
        17,
        11,
        14,
        200,
        5,
        1,
        17,
        59,
        5,
        1
    ],
    "percentiles": [
        0.0,
        0.0,
        0.0,
        0.0,
        1.0,
        1.0,
        1.0,
        1.0,
        1.0,
        1.0,
        1.0,
        1.0,
        2.0,
        2.0,
        3.0,
        3.0,
        4.0,
        4.0,
        4.079999999999998,
        5.0,
        5.0,
        6.0,
        6.0,
        7.0,
        7.0,
        7.0,
        7.560000000000002,
        8.0,
        9.0,
        9.0,
        10.0,
        10.0,
        10.0,
        10.980000000000004,
        11.0,
        12.0,
        12.159999999999997,
        14.0,
        14.0,
        14.0,
        15.0,
        15.0,
        15.519999999999982,
        17.0,
        17.0,
        17.0,
        17.0,
        17.0,
        17.0,
        17.0,
        17.0,
        17.0,
        17.0,
        17.0,
        17.0,
        17.0,
        17.0,
        17.0,
        18.47999999999999,
        19.0,
        20.0,
        21.0,
        22.0,
        22.0,
        22.0,
        22.0,
        23.0,
        25.0,
        25.080000000000013,
        26.0,
        26.0,
        27.0,
        27.319999999999993,
        28.379999999999995,
        29.439999999999998,
        31.5,
        33.0,
        33.620000000000005,
        36.68000000000001,
        40.0,
        41.80000000000001,
        43.860000000000014,
        45.91999999999999,
        48.0,
        50.0,
        52.099999999999966,
        54.0,
        54.0,
        57.56000000000006,
        63.38000000000022,
        70.0,
        74.46000000000004,
        79.52000000000004,
        91.58000000000004,
        95.91999999999996,
        102.0,
        106.27999999999997,
        128.0,
        140.64,
        199.15999999999997,
        217.0
    ]
}