{
    "accuracy": 0.2247557003257329,
    "accuracy_filtered_v1": 0.17263843648208468,
    "accuracy_filtered_v2": 0.18661971830985916,
    "counter": 307,
    "successful": 69,
    "unsuccessful": 0,
    "exact_matches": [
        4,
        54,
        9,
        17,
        7,
        52,
        54,
        4,
        24,
        40,
        68,
        17,
        10,
        10,
        1,
        14,
        2,
        4,
        15,
        1,
        17,
        31,
        13,
        48,
        12,
        17,
        22,
        30,
        22,
        26,
        19,
        22,
        11,
        42,
        17,
        9,
        17,
        1,
        7,
        22,
        14,
        6,
        22,
        10,
        41,
        91,
        4,
        12,
        128,
        1,
        49,
        217,
        48,
        46,
        18,
        0,
        12,
        8,
        15,
        7,
        23,
        25,
        3,
        2,
        75,
        8,
        33,
        26,
        80,
        54,
        102,
        5,
        0,
        17,
        186,
        1,
        9,
        53,
        17,
        200,
        36,
        22,
        21,
        4,
        143,
        13,
        26,
        17,
        7,
        17,
        15,
        8,
        19,
        17,
        10,
        60,
        0,
        0,
        21,
        27,
        15,
        2,
        19,
        17,
        22,
        5,
        6,
        17,
        1,
        17,
        33,
        21,
        10,
        27,
        7,
        2,
        1,
        37,
        0,
        17,
        4,
        25,
        40,
        25,
        22,
        17,
        43,
        17,
        34,
        94,
        50,
        1,
        44,
        9,
        16,
        17,
        5,
        17,
        1,
        74,
        16,
        17,
        11,
        10,
        22,
        4,
        17,
        25,
        0,
        17,
        20,
        52,
        2,
        7,
        1,
        44,
        0,
        54,
        27,
        53,
        33,
        17,
        14,
        15,
        17,
        1,
        79,
        14,
        9,
        27,
        22,
        29,
        3,
        17,
        50,
        6,
        14,
        33,
        1,
        15,
        7,
        45,
        70,
        17,
        47,
        41,
        25,
        104,
        100,
        32,
        3,
        20,
        70,
        1,
        17,
        17,
        6,
        14,
        38,
        43,
        9,
        1,
        6,
        1,
        26,
        17,
        26,
        129,
        26,
        28,
        29,
        7,
        17,
        138,
        92,
        119,
        1,
        54,
        61,
        17,
        29,
        1,
        54,
        17,
        107,
        97,
        7,
        17,
        34,
        57,
        70,
        17,
        11,
        30,
        14,
        1,
        17,
        17,
        1,
        10,
        93,
        0,
        10,
        0,
        5,
        28,
        23,
        17,
        10,
        75,
        3,
        14,
        141,
        22,
        0,
        26,
        17,
        20,
        17,
        17,
        72,
        22,
        15,
        4,
        19,
        10,
        3,
        3,
        17,
        0,
        28,
        27,
        2,
        80,
        11,
        12,
        17,
        0,
        7,
        19,
        48,
        11,
        4,
        17,
        1,
        102,
        6,
        9,
        1,
        33,
        128,
        217,
        5,
        8,
        17,
        6,
        104,
        17,
        11,
        14,
        200,
        5,
        1,
        17,
        59,
        5,
        1
    ],
    "exact_matches_true": 16,
    "average_exact_matches": 28.309446254071663
}