{
    "accuracy": 0.7164179104477612,
    "accuracy_filtered_v1": 0.5164179104477612,
    "accuracy_filtered_v2": 0.6784313725490196,
    "counter": 670,
    "successful": 480,
    "unsuccessful": 0,
    "exact_matches": [
        79,
        1,
        4,
        18,
        1,
        79,
        1,
        39,
        1,
        3,
        0,
        46,
        1,
        109,
        0,
        1,
        10,
        0,
        5,
        16,
        60,
        14,
        0,
        2,
        14,
        0,
        60,
        44,
        186,
        109,
        0,
        46,
        1,
        7,
        7,
        1,
        56,
        0,
        0,
        1,
        44,
        79,
        1,
        1,
        39,
        1,
        5,
        1,
        10,
        1,
        1,
        2,
        3,
        27,
        1,
        1,
        1,
        2,
        39,
        1,
        0,
        50,
        1,
        2,
        79,
        5,
        73,
        13,
        1,
        4,
        79,
        2,
        2,
        1,
        1,
        1,
        0,
        1,
        42,
        59,
        1,
        0,
        1,
        1,
        0,
        13,
        0,
        9,
        109,
        18,
        1,
        79,
        39,
        4,
        0,
        39,
        0,
        2,
        36,
        1,
        46,
        23,
        30,
        23,
        0,
        59,
        1,
        13,
        59,
        0,
        101,
        18,
        2,
        79,
        10,
        1,
        13,
        7,
        7,
        1,
        5,
        44,
        0,
        186,
        20,
        131,
        39,
        1,
        1,
        44,
        30,
        0,
        2,
        323,
        1,
        48,
        1,
        39,
        20,
        39,
        1,
        0,
        28,
        3,
        1,
        1,
        3,
        27,
        5,
        18,
        6,
        1,
        1,
        4,
        39,
        39,
        10,
        5,
        44,
        2,
        0,
        2,
        1,
        1,
        39,
        18,
        88,
        69,
        1,
        0,
        44,
        1,
        38,
        16,
        1,
        18,
        3,
        1,
        4,
        109,
        0,
        17,
        44,
        30,
        0,
        0,
        7,
        1,
        12,
        1,
        29,
        0,
        17,
        39,
        1,
        0,
        21,
        4,
        29,
        44,
        2,
        44,
        18,
        39,
        7,
        3,
        1,
        20,
        49,
        39,
        4,
        0,
        323,
        1,
        56,
        6,
        2,
        14,
        13,
        39,
        24,
        2,
        69,
        1,
        39,
        1,
        8,
        3,
        18,
        1,
        79,
        18,
        79,
        0,
        13,
        1,
        1,
        0,
        39,
        1,
        4,
        34,
        3,
        109,
        26,
        4,
        186,
        21,
        44,
        1,
        1,
        3,
        18,
        31,
        1,
        1,
        2,
        4,
        36,
        15,
        39,
        1,
        2,
        109,
        8,
        16,
        192,
        1,
        0,
        16,
        29,
        5,
        25,
        37,
        35,
        19,
        1,
        323,
        10,
        44,
        0,
        8,
        1,
        5,
        44,
        4,
        4,
        3,
        1,
        1,
        1,
        4,
        2,
        69,
        1,
        17,
        1,
        18,
        44,
        5,
        1,
        10,
        1,
        4,
        35,
        2,
        47,
        44,
        18,
        1,
        1,
        1,
        39,
        18,
        6,
        0,
        4,
        88,
        28,
        1,
        1,
        25,
        25,
        1,
        0,
        88,
        2,
        17,
        50,
        1,
        25,
        2,
        56,
        0,
        1,
        3,
        10,
        1,
        2,
        3,
        25,
        3,
        59,
        13,
        79,
        1,
        5,
        5,
        0,
        44,
        28,
        0,
        1,
        13,
        31,
        109,
        1,
        1,
        3,
        6,
        1,
        39,
        49,
        0,
        2,
        0,
        2,
        0,
        109,
        1,
        5,
        7,
        1,
        1,
        39,
        14,
        9,
        1,
        1,
        79,
        18,
        1,
        22,
        1,
        5,
        2,
        1,
        25,
        1,
        1,
        39,
        1,
        2,
        45,
        1,
        60,
        1,
        1,
        79,
        1,
        73,
        18,
        41,
        49,
        1,
        28,
        2,
        1,
        1,
        1,
        56,
        1,
        18,
        39,
        1,
        27,
        12,
        0,
        10,
        60,
        5,
        19,
        44,
        0,
        0,
        3,
        49,
        1,
        6,
        4,
        35,
        0,
        39,
        6,
        1,
        3,
        27,
        47,
        1,
        1,
        16,
        18,
        4,
        1,
        60,
        14,
        0,
        50,
        50,
        3,
        186,
        12,
        79,
        1,
        0,
        1,
        0,
        1,
        4,
        0,
        323,
        39,
        49,
        4,
        2,
        12,
        39,
        11,
        2,
        1,
        1,
        4,
        13,
        65,
        1,
        0,
        31,
        21,
        18,
        18,
        1,
        44,
        7,
        1,
        1,
        1,
        29,
        11,
        1,
        3,
        192,
        192,
        18,
        0,
        3,
        9,
        1,
        3,
        2,
        9,
        16,
        1,
        3,
        3,
        27,
        6,
        0,
        4,
        1,
        47,
        39,
        323,
        3,
        101,
        1,
        39,
        0,
        1,
        2,
        39,
        1,
        2,
        8,
        1,
        1,
        1,
        69,
        2,
        39,
        44,
        7,
        323,
        0,
        56,
        0,
        0,
        15,
        20,
        323,
        0,
        109,
        0,
        0,
        39,
        3,
        53,
        3,
        1,
        0,
        8,
        1,
        18,
        40,
        23,
        1,
        18,
        1,
        3,
        8,
        8,
        36,
        1,
        79,
        7,
        2,
        79,
        1,
        4,
        43,
        1,
        39,
        29,
        26,
        64,
        60,
        11,
        11,
        1,
        27,
        12,
        39,
        1,
        14,
        33,
        88,
        20,
        39,
        119,
        2,
        1,
        323,
        1,
        18,
        6,
        45,
        6,
        0,
        83,
        17,
        109,
        3,
        1,
        1,
        2,
        18,
        1,
        1,
        39,
        47,
        60,
        14,
        19,
        1,
        2,
        5,
        79,
        20,
        11,
        1,
        0,
        2,
        1,
        18,
        1,
        44,
        18,
        4,
        6,
        88,
        15,
        69,
        0,
        9,
        2,
        30,
        39,
        16,
        0,
        1,
        39,
        1,
        22,
        5,
        9,
        44,
        0,
        0,
        0,
        0,
        109,
        0,
        1329,
        24,
        3,
        9,
        1,
        1,
        1,
        1,
        6,
        4,
        24,
        39,
        20,
        1,
        40,
        18,
        39,
        2,
        0
    ],
    "exact_matches_true": 134,