{
    "num_one_exact_match": 6.742,
    "num_greater_one_exact_match": 49.438,
    "num_no_exact_match": 43.82,
    "accuracy_cleared_of_exact": 0.19058000000000003,
    "percentage_exact_matches_successful": 0.5,
    "average_exact_matches": 17.775,
    "exact_matches_true": 3,
    "unsuccessful": 0,
    "successful": 23,
    "counter": 89,
    "accuracy_filtered_v2": 0.241,
    "accuracy_filtered_v1": 0.2247191011235955,
    "accuracy": 0.258,
    "exact_matches": [
        58,
        0,
        0,
        0,
        0,
        28,
        0,
        0,
        0,
        36,
        0,
        3,
        1,
        0,
        36,
        43,
        101,
        0,
        0,
        0,
        0,
        0,
        99,
        0,
        0,
        2,
        0,
        0,
        36,
        109,
        1,
        0,
        16,
        1,
        36,
        109,
        131,
        97,
        41,
        0,
        0,
        14,
        0,
        0,
        131,
        0,
        7,
        8,
        131,
        0,
        0,
        9,
        2,
        21,
        0,
        7,
        0,
        23,
        0,
        18,
        1,
        0,
        28,
        1,
        0,
        7,
        0,
        4,
        0,
        0,
        0,
        3,
        3,
        3,
        17,
        5,
        69,
        0,
        0,
        0,
        6,
        0,
        8,
        8,
        2,
        7,
        50,
        4,
        1
    ],
    "percentiles": [
        0.0,
        0.0,
        0.0,
        0.0,
        0.0,
        0.0,
        0.0,
        0.0,
        0.0,
        0.0,
        0.0,
        0.0,
        0.0,
        0.0,
        0.0,
        0.0,
        0.0,
        0.0,
        0.0,
        0.0,
        0.0,
        0.0,
        0.0,
        0.0,
        0.0,
        0.0,
        0.0,
        0.0,
        0.0,
        0.0,
        0.0,
        0.0,
        0.0,
        0.0,
        0.0,
        0.0,
        0.0,
        0.0,
        0.0,
        0.0,
        0.0,
        0.0,
        0.0,
        0.0,
        0.7199999999999989,
        1.0,
        1.0,
        1.0,
        1.0,
        1.0,
        1.0,
        1.8800000000000026,
        2.0,
        2.0,
        2.520000000000003,
        3.0,
        3.0,
        3.0,
        3.039999999999999,
        3.9199999999999946,
        4.0,
        4.68,
        5.560000000000002,
        6.439999999999998,
        7.0,
        7.0,
        7.0,
        7.0,
        7.840000000000003,
        8.0,
        8.0,
        8.479999999999997,
        10.799999999999997,
        14.47999999999999,
        16.120000000000005,
        17.0,
        17.879999999999995,
        20.280000000000015,
        22.28,
        25.60000000000005,
        28.0,
        30.24000000000001,
        36.0,
        36.0,
        36.0,
        36.0,
        39.39999999999996,
        42.120000000000005,
        46.079999999999984,
        52.56000000000006,
        60.20000000000003,
        71.23999999999995,
        95.88000000000022,
        98.68,
        100.44,
        105.79999999999995,
        109.0,
        116.91999999999999,
        131.0,
        131.0,
        131.0
    ]
}