{
    "num_one_exact_match": 20.255,
    "num_greater_one_exact_match": 72.338,
    "num_no_exact_match": 7.407,
    "accuracy_cleared_of_exact": 0.36244999999999994,
    "percentage_exact_matches_successful": 0.74,
    "average_exact_matches": 16.021,
    "exact_matches_true": 130,
    "unsuccessful": 0,
    "successful": 488,
    "counter": 864,
    "accuracy_filtered_v2": 0.52,
    "accuracy_filtered_v1": 0.41435185185185186,
    "accuracy": 0.565,
    "exact_matches": [
        11,
        12,
        70,
        20,
        20,
        3,
        0,
        7,
        1,
        0,
        0,
        3,
        1,
        0,
        18,
        21,
        34,
        2,
        35,
        0,
        3,
        1,
        0,
        0,
        3,
        1,
        1,
        4,
        1,
        1,
        2,
        17,
        5,
        0,
        2,
        5,
        2,
        3,
        1,
        0,
        12,
        3,
        1,
        61,
        18,
        10,
        1,
        6,
        14,
        7,
        8,
        1,
        10,
        119,
        10,
        0,
        1,
        0,
        29,
        0,
        4,
        39,
        1,
        39,
        1,
        6,
        1,
        74,
        47,
        65,
        0,
        32,
        30,
        72,
        26,
        1,
        5,
        1,
        2,
        0,
        1,
        4,
        43,
        14,
        14,
        4,
        72,
        1,
        5,
        3,
        1,
        33,
        0,
        4,
        1,
        183,
        2,
        0,
        16,
        20,
        21,
        1,
        36,
        10,
        11,
        14,
        20,
        12,
        1,
        4,
        183,
        129,
        33,
        20,
        1,
        19,
        0,
        46,
        39,
        10,
        6,
        140,
        38,
        39,
        1,
        28,
        11,
        2,
        2,
        2,
        4,
        31,
        4,
        1,
        7,
        18,
        3,
        2,
        15,
        2,
        1,
        24,
        1,
        13,
        49,
        5,
        69,
        19,
        0,
        49,
        16,
        1,
        0,
        2,
        1,
        1,
        3,
        18,
        12,
        1,
        140,
        10,
        9,
        1,
        19,
        1,
        1,
        1,
        44,
        42,
        49,
        2,
        46,
        0,
        12,
        192,
        13,
        22,
        2,
        0,
        41,
        12,
        47,
        28,
        5,
        6,
        31,
        40,
        1,
        7,
        1,
        0,
        11,
        84,
        14,
        3,
        1,
        0,
        15,
        43,
        15,
        3,
        3,
        33,
        0,
        3,
        48,
        0,
        2,
        2,
        2,
        0,
        119,
        1,
        3,
        31,
        7,
        97,
        16,
        192,
        13,
        58,
        10,
        10,
        49,
        1,
        1,
        3,
        119,
        0,
        6,
        0,
        20,
        8,
        3,
        7,
        61,
        61,
        40,
        1,
        9,
        2,
        10,
        3,
        97,
        0,
        14,
        46,
        1,
        1,
        1,
        30,
        2,
        29,
        18,
        7,
        1,
        140,
        0,
        3,
        6,
        21,
        0,
        1,
        58,
        17,
        17,
        2,
        16,
        10,
        20,
        10,
        8,
        1,
        18,
        4,
        8,
        64,
        12,
        8,
        8,
        1,
        1,
        1,
        3,
        16,
        131,
        5,
        45,
        1,
        1,
        23,
        97,
        10,
        1,
        3,
        91,
        69,
        3,
        19,
        22,
        12,
        2,
        51,
        12,
        1,
        20,
        1,
        4,
        18,
        7,
        1,
        2,
        1,
        1,
        10,
        1,
        15,
        6,
        8,
        1,
        49,
        3,
        0,
        1,
        23,
        1,
        3,
        1,
        5,
        2,
        1,
        1,
        69,
        1,
        2,
        61,
        2,
        8,
        8,
        5,
        1,
        2,
        2,
        1,
        1,
        15,
        50,
        4,
        17,
        1,
        9,
        4,
        1,
        26,
        26,
        9,
        39,
        13,
        1,
        21,
        5,
        6,
        17,
        26,
        3,
        12,
        19,
        48,
        20,
        3,
        2,
        21,
        18,
        46,
        1,
        1,
        1,
        20,
        48,
        21,
        19,
        10,
        2,
        20,
        41,
        64,
        4,
        23,
        88,
        23,
        1,
        0,
        2,
        7,
        6,
        34,
        9,
        18,
        7,
        1,
        2,
        20,
        17,
        21,
        1,
        25,
        1,
        0,
        5,
        8,
        0,
        1,
        0,
        0,
        24,
        1,
        9,
        25,
        31,
        35,
        1,
        20,
        1,
        3,
        3,
        1,
        20,
        3,
        4,
        15,
        2,
        31,
        3,
        1,
        8,
        18,
        39,
        3,
        3,
        26,
        36,
        11,
        23,
        23,
        1,
        9,
        1,
        4,
        4,
        1,
        1,
        26,
        1,
        46,
        18,
        1,
        0,
        1,
        8,
        13,
        3,
        2,
        1,
        15,
        1,
        7,
        7,
        3,
        2,
        4,
        15,
        39,
        39,
        42,
        2,
        11,
        6,
        47,
        1,
        20,
        2,
        40,
        2,
        3,
        3,
        1,
        11,
        1,
        3,
        11,
        17,
        0,
        14,
        9,
        2,
        10,
        1,
        12,
        10,
        7,
        3,
        1,
        1,
        24,
        0,
        1,
        15,
        31,
        3,
        12,
        51,
        1,
        10,
        11,
        16,
        11,
        7,
        1,
        1,
        1,
        3,
        1,
        0,
        1,
        5,
        0,
        91,
        97,
        11,
        3,
        2,
        7,
        2,
        2,
        9,
        4,
        8,
        3,
        2,
        16,
        53,
        1,
        15,
        34,
        2,
        2,
        1,
        1,
        2,
        2,
        2,
        48,
        21,
        3,
        9,
        1,
        8,
        4,
        1,
        19,
        1,
        19,
        8,
        1,
        43,
        46,
        3,
        35,
        46,
        2,
        46,
        1,
        14,
        4,
        2,
        46,
        3,
        29,
        1,
        48,
        0,
        11,
        27,
        1,
        69,
        2,
        7,
        8,
        7,
        1,
        10,
        34,
        14,
        1,
        26,
        1,
        0,
        10,
        3,
        9,
        21,
        21,
        13,
        0,
        3,
        8,
        3,
        40,
        4,
        2,
        18,
        23,
        5,
        8,
        2,
        26,
        3,
        43,
        1,
        3,
        1,
        3,
        13,
        1,
        1,
        4,
        67,
        1,
        0,
        35,
        57,
        35,
        41,
        15,
        20,
        1,
        155,
        1,
        1,
        2,
        1,
        54,
        77,
        1,
        26,
        9,
        34,
        12,
        1,
        29,
        3,
        2,
        2,
        2,
        6,
        8,
