{
    "accuracy": 0.25842696629213485,
    "accuracy_filtered_v1": 0.2247191011235955,
    "accuracy_filtered_v2": 0.24096385542168675,
    "counter": 89,
    "successful": 23,
    "unsuccessful": 0,
    "exact_matches": [
        58,
        0,
        0,
        0,
        0,
        28,
        0,
        0,
        0,
        36,
        0,
        3,
        1,
        0,
        36,
        43,
        101,
        0,
        0,
        0,
        0,
        0,
        99,
        0,
        0,
        2,
        0,
        0,
        36,
        109,
        1,
        0,
        16,
        1,
        36,
        109,
        131,
        97,
        41,
        0,
        0,
        14,
        0,
        0,
        131,
        0,
        7,
        8,
        131,
        0,
        0,
        9,
        2,
        21,
        0,
        7,
        0,
        23,
        0,
        18,
        1,
        0,
        28,
        1,
        0,
        7,
        0,
        4,
        0,
        0,
        0,
        3,
        3,
        3,
        17,
        5,
        69,
        0,
        0,
        0,
        6,
        0,
        8,
        8,
        2,
        7,
        50,
        4,
        1
    ],
    "exact_matches_true": 3,
    "average_exact_matches": 17.775280898876403
}