{
    "extractors": [
        "descriptions",
        "qualifiers",
        "entities",
        "labels"
    ],
    "average": 0.9667332159165419,
    "total_num_qualifiers": 328785,
    "total_statements": 340099,
    "count_dict": {
        "0": 137861,
        "2": 44962,
        "1": 129739,
        "5": 3652,
        "3": 14047,
        "4": 7150,
        "9": 115,
        "7": 720,
        "16": 6,
        "6": 1292,
        "18": 6,
        "10": 52,
        "12": 30,
        "8": 171,
        "31": 2,
        "15": 8,
        "17": 4,
        "14": 18,
        "13": 16,
        "11": 219,
        "20": 4,
        "19": 2,
        "23": 4,
        "25": 2,
        "27": 2,
        "22": 5,
        "41": 1,
        "26": 1,
        "29": 1,
        "21": 4,
        "24": 1,
        "65": 1,
        "30": 1
    },
    "total_items": 22792,
    "counter_descriptions": 21595,
    "average_number_aliases": 2.1782060328100195,
    "average_length_labels": 15.689186805433057,
    "average_length_aliases": 16.2419776081631,
    "average_length_aliases_labels": 16.068045900456507,
    "average_length_aliases_per_entity": 10.299529020819394,
    "percentiles_label_lengths": [
        1.0,
        4.0,
        4.0,
        5.0,
        5.0,
        5.0,
        5.0,
        6.0,
        6.0,
        6.0,
        6.0,
        7.0,
        7.0,
        7.0,
        7.0,
        8.0,
        8.0,
        8.0,
        8.0,
        8.0,
        9.0,
        9.0,
        9.0,
        9.0,
        10.0,
        10.0,
        10.0,
        10.0,
        10.0,
        10.0,
        11.0,
        11.0,
        11.0,
        11.0,
        11.0,
        11.0,
        12.0,
        12.0,
        12.0,
        12.0,
        12.0,
        12.0,
        12.0,
        13.0,
        13.0,
        13.0,
        13.0,
        13.0,
        13.0,
        13.0,
        14.0,
        14.0,
        14.0,
        14.0,
        14.0,
        14.0,
        15.0,
        15.0,
        15.0,
        15.0,
        15.0,
        15.0,
        16.0,
        16.0,
        16.0,
        16.0,
        16.0,
        17.0,
        17.0,
        17.0,
        17.0,
        17.0,
        18.0,
        18.0,
        18.0,
        18.0,
        19.0,
        19.0,
        19.0,
        20.0,
        20.0,
        20.0,
        21.0,
        21.0,
        22.0,
        23.0,
        23.0,
        24.0,
        25.0,
        26.0,
        27.0,
        28.0,
        29.0,
        30.0,
        32.0,
        34.0,
        37.0,
        40.0,
        46.0,
        52.0,
        220.0
    ],
    "percentiles_number_aliases": [
        0.0,
        0.0,
        0.0,
        0.0,
        0.0,
        0.0,
        0.0,
        0.0,
        0.0,
        0.0,
        0.0,
        0.0,
        0.0,
        0.0,
        0.0,
        0.0,
        0.0,
        0.0,
        0.0,
        0.0,
        0.0,
        0.0,
        0.0,
        0.0,
        0.0,
        0.0,
        0.0,
        0.0,
        0.0,
        0.0,
        0.0,
        0.0,
        0.0,
        0.0,
        0.0,
        0.0,
        0.0,
        1.0,
        1.0,
        1.0,
        1.0,
        1.0,
        1.0,
        1.0,
        1.0,
        1.0,
        1.0,
        1.0,
        1.0,
        1.0,
        1.0,
        1.0,
        1.0,
        1.0,
        1.0,
        1.0,
        1.0,
        1.0,
        1.0,
        1.0,
        1.0,
        2.0,
        2.0,
        2.0,
        2.0,
        2.0,
        2.0,
        2.0,
        2.0,
        2.0,
        2.0,
        2.0,
        2.0,
        2.0,
        2.0,
        3.0,
        3.0,
        3.0,
        3.0,
        3.0,
        3.0,
        3.0,
        3.0,
        3.0,
        4.0,
        4.0,
        4.0,
        4.0,
        4.0,
        5.0,
        5.0,
        5.0,
        6.0,
        6.0,
        7.0,
        7.0,
        8.0,
        10.0,
        12.0,
        16.0,
        586.0
    ],
    "percentiles_len_aliases": [
        1.0,
        2.0,
        2.0,
        3.0,
        3.0,
        3.0,
        4.0,
        4.0,
        4.0,
        5.0,
        5.0,
        5.0,
        6.0,
        6.0,
        6.0,
        7.0,
        7.0,
        7.0,
        7.0,
        7.0,
        8.0,
        8.0,
        8.0,
        8.0,
        9.0,
        9.0,
        9.0,
        9.0,
        10.0,
        10.0,
        10.0,
        10.0,
        10.0,
        11.0,
        11.0,
        11.0,
        11.0,
        12.0,
        12.0,
        12.0,
        12.0,
        12.0,
        13.0,
        13.0,
        13.0,
        13.0,
        14.0,
        14.0,
        14.0,
        14.0,
        14.0,
        15.0,
        15.0,
        15.0,
        15.0,
        16.0,
        16.0,
        16.0,
        16.0,
        16.0,
        17.0,
        17.0,
        17.0,
        17.0,
        18.0,
        18.0,
        18.0,
        18.0,
        19.0,
        19.0,
        19.0,
        20.0,
        20.0,
        20.0,
        21.0,
        21.0,
        21.0,
        22.0,
        22.0,
        22.0,
        23.0,
        23.0,
        24.0,
        24.0,
        25.0,
        25.0,
        26.0,
        26.0,
        27.0,
        28.0,
        29.0,
        30.0,
        30.0,
        32.0,
        33.0,
        35.0,
        37.0,
        40.0,
        45.0,
        54.0,
        245.0
    ],
    "percentiles_len_aliases_labels": [
        1.0,
        2.0,
        3.0,
        3.0,
        3.0,
        4.0,
        4.0,
        5.0,
        5.0,
        5.0,
        6.0,
        6.0,
        6.0,
        6.0,
        7.0,
        7.0,
        7.0,
        7.0,
        8.0,
        8.0,
        8.0,
        8.0,
        8.0,
        9.0,
        9.0,
        9.0,
        9.0,
        10.0,
        10.0,
        10.0,
        10.0,
        10.0,
        11.0,
        11.0,
        11.0,
        11.0,
        11.0,
        12.0,
        12.0,
        12.0,
        12.0,
        12.0,
        13.0,
        13.0,
        13.0,
        13.0,
        13.0,
        14.0,
        14.0,
        14.0,
        14.0,
        14.0,
        15.0,
        15.0,
        15.0,
        15.0,
        15.0,
        15.0,
        16.0,
        16.0,
        16.0,
        16.0,
        17.0,
        17.0,
        17.0,
        17.0,
        18.0,
        18.0,
        18.0,
        18.0,
        19.0,
        19.0,
        19.0,
        19.0,
        20.0,
        20.0,
        20.0,
        21.0,
        21.0,
        22.0,
        22.0,
        22.0,
        23.0,
        23.0,
        24.0,
        24.0,
        25.0,
        26.0,
        26.0,
        27.0,
        28.0,
        29.0,
        30.0,
        31.0,
        33.0,
        35.0,
        37.0,
        40.0,
        45.0,
        53.0,
        245.0
    ],
    "num_entities": 44529,
    "num_unique_entities": 22792,
    "num_docs": 30226,
    "ratio": 1.4732018791768675,
    "emerging_entities": 0,
    "mentions": 44529,
    "mentions_ratio": 1.4732018791768675,
    "percentage_entities": 1.0,
    "percentage_emerging_entities": 0.0,
    "percentage_non_mappable": 0.0,
    "percentage_unique": 0.5118462125805655
}