{
    "extractors": [
        "labels",
        "entities",
        "descriptions"
    ],
    "total_items": 4653671,
    "counter_descriptions": 3673953,
    "average_number_aliases": 0.3041629071956494,
    "average_length_labels": 17.408322562598865,
    "average_length_aliases": 18.008841585143138,
    "average_length_aliases_labels": 17.54837998829438,
    "percentiles_label_lengths": [
        1.0,
        4.0,
        4.0,
        5.0,
        6.0,
        6.0,
        6.0,
        7.0,
        7.0,
        7.0,
        8.0,
        8.0,
        8.0,
        8.0,
        9.0,
        9.0,
        9.0,
        9.0,
        10.0,
        10.0,
        10.0,
        10.0,
        10.0,
        11.0,
        11.0,
        11.0,
        11.0,
        11.0,
        11.0,
        12.0,
        12.0,
        12.0,
        12.0,
        12.0,
        12.0,
        13.0,
        13.0,
        13.0,
        13.0,
        13.0,
        13.0,
        13.0,
        14.0,
        14.0,
        14.0,
        14.0,
        14.0,
        14.0,
        14.0,
        15.0,
        15.0,
        15.0,
        15.0,
        15.0,
        16.0,
        16.0,
        16.0,
        16.0,
        16.0,
        17.0,
        17.0,
        17.0,
        17.0,
        17.0,
        18.0,
        18.0,
        18.0,
        18.0,
        19.0,
        19.0,
        19.0,
        20.0,
        20.0,
        20.0,
        21.0,
        21.0,
        21.0,
        22.0,
        22.0,
        23.0,
        23.0,
        24.0,
        24.0,
        25.0,
        25.0,
        26.0,
        27.0,
        28.0,
        28.0,
        29.0,
        30.0,
        32.0,
        33.0,
        34.0,
        36.0,
        38.0,
        40.0,
        43.0,
        47.0,
        55.0,
        231.0
    ],
    "percentiles_number_aliases": [
        0.0,
        0.0,
        0.0,
        0.0,
        0.0,
        0.0,
        0.0,
        0.0,
        0.0,
        0.0,
        0.0,
        0.0,
        0.0,
        0.0,
        0.0,
        0.0,
        0.0,
        0.0,
        0.0,
        0.0,
        0.0,
        0.0,
        0.0,
        0.0,
        0.0,
        0.0,
        0.0,
        0.0,
        0.0,
        0.0,
        0.0,
        0.0,
        0.0,
        0.0,
        0.0,
        0.0,
        0.0,
        0.0,
        0.0,
        0.0,
        0.0,
        0.0,
        0.0,
        0.0,
        0.0,
        0.0,
        0.0,
        0.0,
        0.0,
        0.0,
        0.0,
        0.0,
        0.0,
        0.0,
        0.0,
        0.0,
        0.0,
        0.0,
        0.0,
        0.0,
        0.0,
        0.0,
        0.0,
        0.0,
        0.0,
        0.0,
        0.0,
        0.0,
        0.0,
        0.0,
        0.0,
        0.0,
        0.0,
        0.0,
        0.0,
        0.0,
        0.0,
        0.0,
        0.0,
        0.0,
        0.0,
        0.0,
        0.0,
        1.0,
        1.0,
        1.0,
        1.0,
        1.0,
        1.0,
        1.0,
        1.0,
        1.0,
        1.0,
        1.0,
        1.0,
        2.0,
        2.0,
        2.0,
        3.0,
        4.0,
        586.0
    ],
    "percentiles_len_aliases": [
        0.0,
        3.0,
        3.0,
        3.0,
        4.0,
        4.0,
        5.0,
        5.0,
        5.0,
        6.0,
        6.0,
        7.0,
        7.0,
        7.0,
        8.0,
        8.0,
        8.0,
        9.0,
        9.0,
        9.0,
        10.0,
        10.0,
        10.0,
        10.0,
        11.0,
        11.0,
        11.0,
        11.0,
        12.0,
        12.0,
        12.0,
        12.0,
        12.0,
        13.0,
        13.0,
        13.0,
        13.0,
        13.0,
        14.0,
        14.0,
        14.0,
        14.0,
        15.0,
        15.0,
        15.0,
        15.0,
        15.0,
        16.0,
        16.0,
        16.0,
        16.0,
        16.0,
        17.0,
        17.0,
        17.0,
        17.0,
        17.0,
        18.0,
        18.0,
        18.0,
        18.0,
        19.0,
        19.0,
        19.0,
        19.0,
        20.0,
        20.0,
        20.0,
        20.0,
        21.0,
        21.0,
        21.0,
        22.0,
        22.0,
        22.0,
        22.0,
        23.0,
        23.0,
        24.0,
        24.0,
        24.0,
        25.0,
        25.0,
        26.0,
        26.0,
        27.0,
        28.0,
        28.0,
        29.0,
        30.0,
        31.0,
        32.0,
        33.0,
        34.0,
        36.0,
        38.0,
        40.0,
        43.0,
        48.0,
        57.0,
        298.0
    ],
    "percentiles_len_aliases_labels": [
        0.0,
        3.0,
        4.0,
        5.0,
        5.0,
        6.0,
        6.0,
        6.0,
        7.0,
        7.0,
        7.0,
        8.0,
        8.0,
        8.0,
        8.0,
        9.0,
        9.0,
        9.0,
        9.0,
        10.0,
        10.0,
        10.0,
        10.0,
        11.0,
        11.0,
        11.0,
        11.0,
        11.0,
        11.0,
        12.0,
        12.0,
        12.0,
        12.0,
        12.0,
        12.0,
        13.0,
        13.0,
        13.0,
        13.0,
        13.0,
        13.0,
        14.0,
        14.0,
        14.0,
        14.0,
        14.0,
        14.0,
        15.0,
        15.0,
        15.0,
        15.0,
        15.0,
        15.0,
        16.0,
        16.0,
        16.0,
        16.0,
        16.0,
        17.0,
        17.0,
        17.0,
        17.0,
        18.0,
        18.0,
        18.0,
        18.0,
        19.0,
        19.0,
        19.0,
        19.0,
        20.0,
        20.0,
        20.0,
        21.0,
        21.0,
        21.0,
        22.0,
        22.0,
        23.0,
        23.0,
        23.0,
        24.0,
        24.0,
        25.0,
        26.0,
        26.0,
        27.0,
        28.0,
        29.0,
        30.0,
        31.0,
        32.0,
        33.0,
        34.0,
        36.0,
        38.0,
        40.0,
        43.0,
        47.0,
        55.0,
        298.0
    ],
    "average_length_aliases_per_entity": 3.1692720454829537,
    "num_entities": 51297484,
    "num_unique_entities": 4653671,
    "num_docs": 4650000,
    "ratio": 11.031716989247311,
    "emerging_entities": 0,
    "mentions": 51297484,
    "mentions_ratio": 11.031716989247311,
    "percentage_entities": 1.0,
    "percentage_emerging_entities": 0.0,
    "percentage_non_mappable": 0.0,
    "percentage_unique": 0.0907192836202259
}