{
    "average": 1.1059004689577938,
    "total_num_qualifiers": 15800,
    "total_statements": 14287,
    "count_dict": {
        "0": 2567,
        "1": 9060,
        "2": 1866,
        "3": 490,
        "5": 113,
        "4": 135,
        "20": 1,
        "6": 39,
        "10": 1,
        "7": 5,
        "9": 4,
        "14": 2,
        "18": 1,
        "23": 1,
        "17": 1,
        "12": 1
    },
    "total_items": 441,
    "counter_descriptions": 427,
    "extractors": [
        "entities",
        "labels",
        "qualifiers",
        "descriptions"
    ],
    "average_number_aliases": 2.7995444191343966,
    "average_length_labels": 17.145785876993166,
    "average_length_aliases": 14.781122864117169,
    "average_length_aliases_labels": 15.40347721822542,
    "percentiles_label_lengths": [
        2.0,
        4.0,
        4.76,
        5.0,
        5.0,
        5.0,
        5.0,
        5.0,
        6.0,
        6.0,
        6.0,
        6.0,
        6.0,
        6.0,
        6.0,
        6.0,
        7.0,
        7.0,
        7.0,
        7.0,
        7.0,
        7.0,
        7.0,
        7.0,
        7.0,
        7.0,
        8.0,
        8.0,
        8.0,
        8.0,
        8.0,
        8.0,
        9.0,
        9.0,
        9.0,
        9.0,
        9.0,
        9.0,
        10.0,
        10.0,
        10.0,
        10.0,
        10.95999999999998,
        11.0,
        11.0,
        12.0,
        12.0,
        13.0,
        13.0,
        14.0,
        14.0,
        15.0,
        16.0,
        16.0,
        16.0,
        17.0,
        17.0,
        17.659999999999968,
        18.0,
        18.0,
        18.80000000000001,
        19.0,
        19.0,
        19.0,
        20.0,
        20.0,
        20.0,
        21.0,
        21.0,
        21.0,
        22.0,
        22.0,
        22.0,
        23.0,
        23.0,
        23.0,
        24.0,
        24.0,
        25.0,
        25.0,
        26.0,
        26.78000000000003,
        27.0,
        28.0,
        29.0,
        29.30000000000001,
        30.0,
        30.060000000000002,
        31.0,
        32.0,
        33.0,
        34.0,
        35.0,
        37.0,
        38.71999999999997,
        39.0,
        41.0,
        42.860000000000014,
        49.24000000000001,
        53.620000000000005,
        63.0
    ],
    "percentiles_number_aliases": [
        0.0,
        0.0,
        0.0,
        0.0,
        0.0,
        0.0,
        0.0,
        0.0,
        0.0,
        0.0,
        0.0,
        0.0,
        0.0,
        0.0,
        0.0,
        0.0,
        0.0,
        0.0,
        0.0,
        1.0,
        1.0,
        1.0,
        1.0,
        1.0,
        1.0,
        1.0,
        1.0,
        1.0,
        1.0,
        1.0,
        1.0,
        1.0,
        1.0,
        1.0,
        1.0,
        1.0,
        1.0,
        1.0,
        1.0,
        1.0,
        1.0,
        1.579999999999984,
        2.0,
        2.0,
        2.0,
        2.0,
        2.0,
        2.0,
        2.0,
        2.0,
        2.0,
        2.0,
        2.0,
        2.0,
        2.0,
        2.0,
        2.0,
        3.0,
        3.0,
        3.0,
        3.0,
        3.0,
        3.0,
        3.0,
        3.0,
        3.0,
        3.0,
        3.0,
        3.0,
        3.0,
        3.0,
        3.0,
        3.3600000000000136,
        4.0,
        4.0,
        4.0,
        4.0,
        4.0,
        4.0,
        4.0,
        4.0,
        4.0,
        5.0,
        5.0,
        5.0,
        5.0,
        6.0,
        6.0,
        6.0,
        6.0,
        7.0,
        7.0,
        7.0,
        8.0,
        8.0,
        9.0,
        10.0,
        10.0,
        11.0,
        12.0,
        16.0
    ],
    "percentiles_len_aliases": [
        1.0,
        2.0,
        2.0,
        2.0,
        2.0,
        2.0,
        2.0,
        2.0,
        2.0,
        2.0,
        3.0,
        3.0,
        3.0,
        3.0,
        3.0,
        3.0,
        3.0,
        3.0,
        4.0,
        4.0,
        4.0,
        4.0,
        5.0,
        5.0,
        5.0,
        5.0,
        5.0,
        6.0,
        6.0,
        6.0,
        6.0,
        6.0,
        7.0,
        7.0,
        7.0,
        7.0,
        8.0,
        8.0,
        8.0,
        8.0,
        9.0,
        9.0,
        9.0,
        9.0,
        10.0,
        10.0,
        10.0,
        11.0,
        11.0,
        12.0,
        12.0,
        13.0,
        13.0,
        14.0,
        14.0,
        14.0,
        14.0,
        15.0,
        15.0,
        15.0,
        16.0,
        16.0,
        16.0,
        17.0,
        17.0,
        17.0,
        17.480000000000018,
        18.0,
        18.0,
        19.0,
        19.0,
        19.879999999999995,
        20.0,
        20.0,
        21.0,
        21.0,
        22.0,
        22.0,
        22.0,
        23.0,
        24.0,
        24.0,
        25.0,
        26.0,
        26.0,
        27.0,
        28.0,
        28.0,
        29.0,
        30.0,
        31.0,
        32.0,
        33.0,
        34.0,
        35.0,
        36.0,
        38.0,
        40.31999999999971,
        45.0,
        56.72000000000003,
        77.0
    ],
    "percentiles_len_aliases_labels": [
        1.0,
        2.0,
        2.0,
        2.0,
        2.0,
        2.0,
        2.0,
        3.0,
        3.0,
        3.0,
        3.0,
        3.0,
        3.0,
        3.0,
        4.0,
        4.0,
        4.0,
        5.0,
        5.0,
        5.0,
        5.0,
        5.0,
        6.0,
        6.0,
        6.0,
        6.0,
        6.0,
        6.0,
        7.0,
        7.0,
        7.0,
        7.0,
        7.0,
        8.0,
        8.0,
        8.0,
        8.0,
        8.0,
        9.0,
        9.0,
        9.0,
        9.0,
        10.0,
        10.0,
        10.0,
        10.0,
        11.0,
        11.0,
        12.0,
        12.0,
        13.0,
        13.0,
        14.0,
        14.0,
        14.0,
        15.0,
        15.0,
        15.0,
        16.0,
        16.0,
        16.0,
        17.0,
        17.0,
        17.0,
        18.0,
        18.0,
        18.0,
        19.0,
        19.0,
        20.0,
        20.0,
        20.0,
        21.0,
        21.0,
        21.0,
        22.0,
        22.0,
        23.0,
        23.0,
        24.0,
        24.0,
        25.0,
        26.0,
        26.0,
        27.0,
        27.950000000000045,
        28.0,
        29.0,
        30.0,
        31.0,
        31.0,
        32.97000000000003,
        33.0,
        34.0,
        35.98000000000002,
        37.0,
        39.0,
        42.0,
        46.0,
        56.0,
        77.0
    ],
    "average_length_aliases_per_entity": 12.814789408895331,
    "num_entities": 670,
    "num_unique_entities": 441,
    "num_docs": 250,
    "ratio": 2.68,
    "emerging_entities": 0,
    "mentions": 670,
    "mentions_ratio": 2.68,
    "percentage_entities": 1.0,
    "percentage_emerging_entities": 0.0,
    "percentage_non_mappable": 0.0,
    "percentage_unique": 0.6582089552238806
}