{
    "extractors": [
        "descriptions",
        "entities",
        "labels"
    ],
    "total_items": 57,
    "counter_descriptions": 47,
    "average_number_aliases": 5.9361702127659575,
    "average_length_labels": 8.787234042553191,
    "average_length_aliases": 8.46594982078853,
    "average_length_aliases_labels": 8.512269938650308,
    "average_length_aliases_per_entity": 7.569716999034897,
    "percentiles_label_lengths": [
        4.0,
        4.0,
        4.0,
        4.0,
        4.0,
        4.300000000000001,
        4.76,
        5.0,
        5.0,
        5.0,
        5.0,
        5.0,
        5.0,
        5.0,
        5.0,
        5.0,
        5.0,
        5.0,
        5.0,
        5.0,
        5.200000000000001,
        5.66,
        6.0,
        6.0,
        6.0,
        6.0,
        6.0,
        6.0,
        6.0,
        6.0,
        6.0,
        6.0,
        6.0,
        6.0,
        6.0,
        6.0,
        6.0,
        6.0,
        6.0,
        6.0,
        6.400000000000002,
        6.859999999999999,
        7.0,
        7.0,
        7.0,
        7.0,
        7.0,
        7.0,
        7.0,
        7.0,
        7.0,
        7.0,
        7.0,
        7.0,
        7.0,
        7.300000000000001,
        7.760000000000002,
        8.0,
        8.0,
        8.0,
        8.0,
        8.0,
        8.0,
        8.0,
        8.440000000000001,
        8.900000000000002,
        9.0,
        9.0,
        9.0,
        9.0,
        9.0,
        9.0,
        9.119999999999997,
        9.579999999999998,
        10.0,
        10.0,
        10.0,
        10.0,
        10.0,
        10.340000000000003,
        10.800000000000004,
        11.0,
        11.0,
        11.36,
        12.280000000000001,
        13.0,
        13.0,
        13.0,
        13.0,
        13.0,
        14.199999999999996,
        15.579999999999998,
        16.32,
        16.78,
        17.0,
        17.0,
        18.119999999999976,
        21.339999999999982,
        24.47999999999999,
        27.239999999999995,
        30.0
    ],
    "percentiles_number_aliases": [
        0.0,
        0.0,
        0.0,
        0.0,
        0.0,
        0.0,
        0.0,
        0.0,
        0.0,
        0.13999999999999968,
        0.6000000000000005,
        1.0,
        1.0,
        1.0,
        1.0,
        1.0,
        1.0,
        1.0,
        1.0,
        1.0,
        1.200000000000001,
        1.6600000000000001,
        2.0,
        2.0,
        2.0,
        2.0,
        2.0,
        2.4200000000000017,
        2.880000000000001,
        3.0,
        3.0,
        3.0,
        3.0,
        3.1800000000000015,
        3.6400000000000006,
        4.0,
        4.0,
        4.0,
        4.0,
        4.0,
        4.0,
        4.0,
        4.0,
        4.0,
        4.0,
        4.0,
        4.0,
        4.0,
        4.0,
        4.0,
        4.0,
        4.460000000000001,
        4.920000000000002,
        5.0,
        5.0,
        5.0,
        5.0,
        5.219999999999999,
        5.68,
        6.0,
        6.0,
        6.0,
        6.0,
        6.0,
        6.440000000000001,
        6.900000000000002,
        7.360000000000003,
        7.82,
        8.0,
        8.0,
        8.0,
        8.0,
        8.119999999999997,
        8.579999999999998,
        9.0,
        9.0,
        9.0,
        9.0,
        9.0,
        9.0,
        9.0,
        9.0,
        9.0,
        9.36,
        10.280000000000001,
        11.0,
        11.0,
        11.020000000000003,
        11.479999999999997,
        11.939999999999998,
        12.399999999999999,
        12.86,
        13.96,
        15.340000000000003,
        16.239999999999995,
        16.699999999999996,
        17.159999999999997,
        17.619999999999997,
        18.159999999999997,
        19.08,
        20.0
    ],
    "percentiles_len_aliases": [
        1.0,
        1.0,
        2.0,
        2.0,
        2.0,
        2.0,
        2.0,
        2.0,
        2.0,
        2.0,
        2.0,
        2.0,
        2.0,
        2.0,
        2.0,
        2.0,
        2.0,
        2.0,
        2.0,
        2.0,
        2.0,
        3.0,
        3.0,
        3.0,
        3.0,
        3.0,
        3.0,
        3.0,
        3.0,
        3.0,
        3.0,
        3.0,
        3.0,
        3.0,
        3.5200000000000102,
        4.0,
        4.0,
        4.0,
        4.640000000000001,
        5.0,
        5.0,
        5.0,
        5.0,
        5.0,
        5.0,
        6.0,
        6.0,
        6.0,
        6.0,
        6.0,
        6.0,
        6.0,
        7.0,
        7.0,
        7.0,
        7.0,
        7.0,
        8.0,
        8.0,
        8.0,
        8.0,
        9.0,
        9.0,
        9.0,
        9.0,
        9.700000000000017,
        10.0,
        10.0,
        10.0,
        10.0,
        11.0,
        11.0,
        11.0,
        12.0,
        12.0,
        13.0,
        13.0,
        13.0,
        13.0,
        14.0,
        14.0,
        15.0,
        15.95999999999998,
        16.0,
        16.0,
        17.0,
        17.0,
        17.0,
        18.0,
        18.0,
        18.0,
        18.980000000000018,
        19.0,
        19.54000000000002,
        20.319999999999993,
        21.0,
        22.0,
        24.0,
        27.0,
        28.43999999999994,
        32.0
    ],
    "percentiles_len_aliases_labels": [
        1.0,
        1.25,
        2.0,
        2.0,
        2.0,
        2.0,
        2.0,
        2.0,
        2.0,
        2.0,
        2.0,
        2.0,
        2.0,
        2.0,
        2.0,
        2.0,
        2.0,
        2.0,
        3.0,
        3.0,
        3.0,
        3.0,
        3.0,
        3.0,
        3.0,
        3.0,
        3.0,
        3.0,
        3.0,
        3.25,
        4.0,
        4.0,
        4.0,
        4.0,
        5.0,
        5.0,
        5.0,
        5.0,
        5.0,
        5.0,
        5.0,
        5.25,
        6.0,
        6.0,
        6.0,
        6.0,
        6.0,
        6.0,
        6.0,
        6.0,
        6.5,
        7.0,
        7.0,
        7.0,
        7.0,
        7.0,
        7.0,
        8.0,
        8.0,
        8.0,
        8.0,
        8.25,
        9.0,
        9.0,
        9.0,
        9.0,
        9.5,
        10.0,
        10.0,
        10.0,
        10.0,
        11.0,
        11.0,
        11.0,
        11.5,
        12.0,
        13.0,
        13.0,
        13.0,
        13.0,
        13.0,
        14.0,
        15.0,
        15.75,
        16.0,
        16.0,
        17.0,
        17.0,
        17.0,
        18.0,
        18.0,
        18.0,
        19.0,
        19.0,
        20.0,
        21.0,
        22.0,
        24.0,
        27.0,
        29.5,
        32.0
    ],
    "num_entities": 89,
    "num_unique_entities": 57,
    "num_docs": 46,
    "ratio": 1.934782608695652,
    "emerging_entities": 45,
    "mentions": 134,
    "mentions_ratio": 2.9130434782608696,
    "percentage_entities": 0.664179104477612,
    "percentage_emerging_entities": 0.3358208955223881,
    "percentage_non_mappable": 0.0,
    "percentage_unique": 0.4253731343283582
}