{
    "average": 0.5276992734713652,
    "total_num_qualifiers": 267943,
    "total_statements": 507757,
    "count_dict": {
        "0": 327890,
        "2": 33452,
        "3": 9213,
        "1": 128217,
        "5": 2670,
        "4": 4402,
        "6": 966,
        "11": 34,
        "13": 13,
        "8": 42,
        "7": 670,
        "12": 31,
        "15": 27,
        "9": 40,
        "10": 21,
        "14": 17,
        "17": 5,
        "28": 1,
        "19": 3,
        "23": 7,
        "18": 6,
        "20": 4,
        "25": 1,
        "22": 3,
        "27": 1,
        "40": 1,
        "89": 1,
        "24": 1,
        "16": 8,
        "34": 1,
        "65": 1,
        "30": 1,
        "26": 1,
        "33": 2,
        "41": 1,
        "29": 1,
        "45": 1,
        "21": 1
    },
    "total_items": 70657,
    "counter_descriptions": 67094,
    "extractors": [
        "entities",
        "labels",
        "qualifiers",
        "descriptions"
    ],
    "average_number_aliases": 0.6409453793578772,
    "average_length_labels": 9.777691622871256,
    "average_length_aliases": 15.063018056364532,
    "average_length_aliases_labels": 11.842150857542878,
    "percentiles_label_lengths": [
        1.0,
        3.0,
        4.0,
        4.0,
        4.0,
        4.0,
        4.0,
        4.0,
        4.0,
        5.0,
        5.0,
        5.0,
        5.0,
        5.0,
        5.0,
        5.0,
        5.0,
        6.0,
        6.0,
        6.0,
        6.0,
        6.0,
        6.0,
        6.0,
        6.0,
        6.0,
        6.0,
        6.0,
        7.0,
        7.0,
        7.0,
        7.0,
        7.0,
        7.0,
        7.0,
        7.0,
        7.0,
        7.0,
        7.0,
        8.0,
        8.0,
        8.0,
        8.0,
        8.0,
        8.0,
        8.0,
        8.0,
        8.0,
        9.0,
        9.0,
        9.0,
        9.0,
        9.0,
        9.0,
        9.0,
        9.0,
        9.0,
        10.0,
        10.0,
        10.0,
        10.0,
        10.0,
        10.0,
        10.0,
        11.0,
        11.0,
        11.0,
        11.0,
        11.0,
        11.0,
        11.0,
        12.0,
        12.0,
        12.0,
        12.0,
        12.0,
        12.0,
        13.0,
        13.0,
        13.0,
        13.0,
        13.0,
        13.0,
        14.0,
        14.0,
        14.0,
        14.0,
        15.0,
        15.0,
        15.0,
        16.0,
        16.0,
        17.0,
        17.0,
        18.0,
        19.0,
        20.0,
        21.0,
        23.0,
        27.0,
        169.0
    ],
    "percentiles_number_aliases": [
        0.0,
        0.0,
        0.0,
        0.0,
        0.0,
        0.0,
        0.0,
        0.0,
        0.0,
        0.0,
        0.0,
        0.0,
        0.0,
        0.0,
        0.0,
        0.0,
        0.0,
        0.0,
        0.0,
        0.0,
        0.0,
        0.0,
        0.0,
        0.0,
        0.0,
        0.0,
        0.0,
        0.0,
        0.0,
        0.0,
        0.0,
        0.0,
        0.0,
        0.0,
        0.0,
        0.0,
        0.0,
        0.0,
        0.0,
        0.0,
        0.0,
        0.0,
        0.0,
        0.0,
        0.0,
        0.0,
        0.0,
        0.0,
        0.0,
        0.0,
        0.0,
        0.0,
        0.0,
        0.0,
        0.0,
        0.0,
        0.0,
        0.0,
        0.0,
        0.0,
        0.0,
        0.0,
        0.0,
        0.0,
        0.0,
        0.0,
        0.0,
        0.0,
        0.0,
        1.0,
        1.0,
        1.0,
        1.0,
        1.0,
        1.0,
        1.0,
        1.0,
        1.0,
        1.0,
        1.0,
        1.0,
        1.0,
        1.0,
        1.0,
        1.0,
        1.0,
        1.0,
        1.0,
        2.0,
        2.0,
        2.0,
        2.0,
        2.0,
        2.0,
        3.0,
        3.0,
        3.0,
        4.0,
        5.0,
        7.0,
        189.0
    ],
    "percentiles_len_aliases": [
        1.0,
        2.0,
        2.0,
        2.0,
        3.0,
        3.0,
        4.0,
        4.0,
        4.0,
        5.0,
        5.0,
        5.0,
        5.0,
        6.0,
        6.0,
        6.0,
        6.0,
        7.0,
        7.0,
        7.0,
        7.0,
        7.0,
        8.0,
        8.0,
        8.0,
        8.0,
        8.0,
        9.0,
        9.0,
        9.0,
        9.0,
        10.0,
        10.0,
        10.0,
        10.0,
        10.0,
        11.0,
        11.0,
        11.0,
        11.0,
        12.0,
        12.0,
        12.0,
        12.0,
        13.0,
        13.0,
        13.0,
        13.0,
        13.0,
        14.0,
        14.0,
        14.0,
        14.0,
        15.0,
        15.0,
        15.0,
        15.0,
        15.0,
        16.0,
        16.0,
        16.0,
        16.0,
        17.0,
        17.0,
        17.0,
        17.0,
        18.0,
        18.0,
        18.0,
        18.0,
        19.0,
        19.0,
        19.0,
        19.0,
        20.0,
        20.0,
        20.0,
        20.0,
        21.0,
        21.0,
        21.0,
        22.0,
        22.0,
        22.0,
        23.0,
        23.0,
        24.0,
        24.0,
        25.0,
        25.0,
        26.0,
        27.0,
        28.0,
        29.0,
        30.0,
        31.0,
        33.0,
        35.0,
        38.0,
        45.0,
        196.0
    ],
    "percentiles_len_aliases_labels": [
        1.0,
        2.0,
        3.0,
        3.0,
        4.0,
        4.0,
        4.0,
        4.0,
        4.0,
        5.0,
        5.0,
        5.0,
        5.0,
        5.0,
        5.0,
        5.0,
        6.0,
        6.0,
        6.0,
        6.0,
        6.0,
        6.0,
        6.0,
        6.0,
        7.0,
        7.0,
        7.0,
        7.0,
        7.0,
        7.0,
        7.0,
        7.0,
        8.0,
        8.0,
        8.0,
        8.0,
        8.0,
        8.0,
        8.0,
        8.0,
        9.0,
        9.0,
        9.0,
        9.0,
        9.0,
        9.0,
        9.0,
        10.0,
        10.0,
        10.0,
        10.0,
        10.0,
        10.0,
        11.0,
        11.0,
        11.0,
        11.0,
        11.0,
        11.0,
        12.0,
        12.0,
        12.0,
        12.0,
        12.0,
        13.0,
        13.0,
        13.0,
        13.0,
        13.0,
        14.0,
        14.0,
        14.0,
        14.0,
        14.0,
        15.0,
        15.0,
        15.0,
        16.0,
        16.0,
        16.0,
        16.20000000001164,
        17.0,
        17.0,
        18.0,
        18.0,
        18.0,
        19.0,
        19.0,
        20.0,
        20.0,
        21.0,
        22.0,
        22.0,
        23.0,
        24.0,
        25.0,
        27.0,
        29.0,
        32.0,
        37.0,
        196.0
    ],
    "average_length_aliases_per_entity": 5.025910767322711,
    "num_entities": 100000,
    "num_unique_entities": 27168,
    "num_docs": 100000,
    "ratio": 1.0,
    "emerging_entities": 0,
    "mentions": 100000,
    "mentions_ratio": 1.0,
    "percentage_entities": 1.0,
    "percentage_emerging_entities": 0.0,
    "percentage_non_mappable": 0.0,
    "percentage_unique": 0.27168
}