{
    "average": 0.9140087887164221,
    "total_num_qualifiers": 51583,
    "total_statements": 56436,
    "count_dict": {
        "0": 21937,
        "1": 25173,
        "2": 5744,
        "5": 719,
        "3": 1483,
        "4": 960,
        "7": 157,
        "6": 226,
        "20": 1,
        "11": 1,
        "14": 3,
        "18": 2,
        "12": 5,
        "41": 1,
        "31": 1,
        "15": 2,
        "10": 4,
        "17": 2,
        "9": 6,
        "8": 5,
        "65": 1,
        "30": 1,
        "26": 1,
        "23": 1
    },
    "total_items": 3907,
    "counter_descriptions": 3560,
    "extractors": [
        "entities",
        "labels",
        "qualifiers",
        "descriptions"
    ],
    "average_number_aliases": 1.4427244582043344,
    "average_length_labels": 15.993034055727554,
    "average_length_aliases": 16.8975321888412,
    "average_length_aliases_labels": 16.527249683143218,
    "percentiles_label_lengths": [
        1.0,
        4.0,
        5.0,
        5.0,
        6.0,
        6.0,
        6.0,
        6.0,
        7.0,
        7.0,
        7.0,
        7.0,
        8.0,
        8.0,
        8.0,
        8.0,
        9.0,
        9.0,
        9.0,
        9.0,
        9.0,
        10.0,
        10.0,
        10.0,
        10.0,
        10.0,
        11.0,
        11.0,
        11.0,
        11.0,
        11.0,
        11.0,
        11.0,
        12.0,
        12.0,
        12.0,
        12.0,
        12.0,
        12.0,
        12.0,
        13.0,
        13.0,
        13.0,
        13.0,
        13.0,
        13.0,
        14.0,
        14.0,
        14.0,
        14.0,
        14.0,
        14.0,
        14.0,
        15.0,
        15.0,
        15.0,
        15.0,
        15.0,
        15.0,
        16.0,
        16.0,
        16.0,
        16.0,
        16.0,
        17.0,
        17.0,
        17.0,
        17.0,
        18.0,
        18.0,
        18.0,
        18.0,
        19.0,
        19.0,
        19.0,
        20.0,
        20.0,
        20.0,
        21.0,
        21.0,
        21.0,
        22.0,
        22.0,
        23.0,
        23.0,
        24.0,
        24.0,
        25.0,
        25.0,
        26.0,
        27.0,
        28.0,
        29.0,
        30.0,
        31.0,
        33.0,
        35.0,
        37.0,
        40.0,
        45.0,
        121.0
    ],
    "percentiles_number_aliases": [
        0.0,
        0.0,
        0.0,
        0.0,
        0.0,
        0.0,
        0.0,
        0.0,
        0.0,
        0.0,
        0.0,
        0.0,
        0.0,
        0.0,
        0.0,
        0.0,
        0.0,
        0.0,
        0.0,
        0.0,
        0.0,
        0.0,
        0.0,
        0.0,
        0.0,
        0.0,
        0.0,
        0.0,
        0.0,
        0.0,
        0.0,
        0.0,
        0.0,
        0.0,
        0.0,
        0.0,
        0.0,
        0.0,
        0.0,
        0.0,
        0.0,
        0.0,
        0.0,
        0.0,
        0.0,
        0.0,
        0.0,
        0.0,
        0.0,
        1.0,
        1.0,
        1.0,
        1.0,
        1.0,
        1.0,
        1.0,
        1.0,
        1.0,
        1.0,
        1.0,
        1.0,
        1.0,
        1.0,
        1.0,
        1.0,
        1.0,
        1.0,
        1.0,
        1.0,
        1.0,
        1.0,
        2.0,
        2.0,
        2.0,
        2.0,
        2.0,
        2.0,
        2.0,
        2.0,
        2.0,
        2.0,
        2.75,
        3.0,
        3.0,
        3.0,
        3.0,
        3.0,
        3.0,
        4.0,
        4.0,
        4.0,
        4.0,
        5.0,
        5.0,
        5.0,
        6.0,
        6.0,
        7.0,
        9.0,
        11.25,
        44.0
    ],
    "percentiles_len_aliases": [
        1.0,
        2.0,
        2.0,
        2.0,
        2.0,
        2.0,
        2.0,
        3.0,
        3.0,
        3.0,
        3.0,
        3.0,
        3.0,
        4.0,
        4.0,
        4.0,
        5.0,
        5.0,
        5.0,
        6.0,
        6.0,
        6.0,
        7.0,
        7.0,
        7.0,
        8.0,
        8.0,
        8.0,
        9.0,
        9.0,
        9.0,
        9.0,
        10.0,
        10.0,
        10.0,
        11.0,
        11.0,
        12.0,
        12.0,
        12.0,
        13.0,
        13.0,
        13.0,
        14.0,
        14.0,
        14.0,
        14.0,
        15.0,
        15.0,
        15.0,
        15.0,
        16.0,
        16.0,
        16.0,
        16.0,
        17.0,
        17.0,
        17.0,
        17.0,
        18.0,
        18.0,
        18.0,
        19.0,
        19.0,
        19.0,
        19.0,
        20.0,
        20.0,
        20.0,
        21.0,
        21.0,
        21.0,
        22.0,
        22.0,
        22.0,
        23.0,
        23.0,
        24.0,
        24.0,
        24.0,
        25.0,
        25.0,
        26.0,
        27.0,
        27.0,
        28.0,
        28.0,
        29.0,
        30.0,
        31.0,
        32.0,
        33.0,
        34.0,
        35.0,
        37.0,
        38.44999999999982,
        40.0,
        43.26999999999953,
        48.0,
        59.0,
        176.0
    ],
    "percentiles_len_aliases_labels": [
        1.0,
        2.0,
        2.0,
        2.0,
        3.0,
        3.0,
        3.0,
        3.0,
        4.0,
        4.0,
        5.0,
        5.0,
        5.0,
        6.0,
        6.0,
        6.0,
        7.0,
        7.0,
        7.0,
        7.0,
        8.0,
        8.0,
        8.0,
        8.0,
        9.0,
        9.0,
        9.0,
        10.0,
        10.0,
        10.0,
        10.0,
        11.0,
        11.0,
        11.0,
        11.0,
        12.0,
        12.0,
        12.0,
        12.0,
        12.0,
        13.0,
        13.0,
        13.0,
        13.0,
        14.0,
        14.0,
        14.0,
        14.0,
        14.0,
        15.0,
        15.0,
        15.0,
        15.0,
        15.0,
        16.0,
        16.0,
        16.0,
        16.0,
        16.0,
        17.0,
        17.0,
        17.0,
        17.0,
        18.0,
        18.0,
        18.0,
        19.0,
        19.0,
        19.0,
        19.0,
        20.0,
        20.0,
        20.0,
        21.0,
        21.0,
        22.0,
        22.0,
        22.0,
        23.0,
        23.0,
        23.0,
        24.0,
        24.0,
        25.0,
        25.0,
        26.0,
        27.0,
        27.0,
        28.0,
        29.0,
        30.0,
        31.0,
        32.0,
        33.0,
        35.0,
        36.0,
        38.0,
        41.0,
        45.0,
        54.0,
        176.0
    ],
    "average_length_aliases_per_entity": 8.683852011299319,
    "num_entities": 13039,
    "num_unique_entities": 3907,
    "num_docs": 3977,
    "ratio": 3.278601961277345,
    "emerging_entities": 0,
    "mentions": 13039,
    "mentions_ratio": 3.278601961277345,
    "percentage_entities": 1.0,
    "percentage_emerging_entities": 0.0,
    "percentage_non_mappable": 0.0,
    "percentage_unique": 0.2996395429097323
}