{
    "extractors": [
        "descriptions",
        "entities",
        "labels"
    ],
    "total_items": 150,
    "counter_descriptions": 135,
    "average_number_aliases": 4.651851851851852,
    "average_length_labels": 10.4,
    "average_length_aliases": 10.113057324840764,
    "average_length_aliases_labels": 10.163826998689384,
    "average_length_aliases_per_entity": 9.987589010481168,
    "percentiles_label_lengths": [
        3.0,
        3.0,
        3.68,
        4.0,
        4.0,
        4.0,
        4.0,
        4.0,
        4.0,
        4.0,
        4.0,
        4.74,
        5.0,
        5.0,
        5.0,
        5.0,
        5.0,
        5.0,
        5.0,
        5.0,
        5.0,
        5.0,
        5.0,
        5.0,
        5.0,
        5.5,
        6.0,
        6.0,
        6.0,
        6.0,
        6.0,
        6.0,
        6.0,
        6.0,
        6.0,
        6.0,
        6.0,
        6.0,
        6.0,
        6.0,
        6.0,
        6.0,
        6.0,
        6.0,
        6.0,
        6.300000000000004,
        7.0,
        7.0,
        7.0,
        7.0,
        7.0,
        7.0,
        7.0,
        7.0,
        7.0,
        7.0,
        7.040000000000006,
        8.0,
        8.0,
        8.0,
        8.0,
        8.0,
        8.0,
        8.0,
        8.0,
        8.0,
        8.0,
        8.780000000000001,
        9.0,
        9.0,
        9.0,
        9.0,
        9.0,
        9.0,
        9.159999999999997,
        10.0,
        10.0,
        10.0,
        10.0,
        10.86,
        11.0,
        11.0,
        11.879999999999995,
        13.0,
        13.0,
        13.0,
        13.0,
        13.579999999999998,
        14.0,
        14.260000000000005,
        15.0,
        15.939999999999998,
        16.28,
        17.0,
        18.919999999999987,
        23.299999999999997,
        25.279999999999973,
        29.91999999999996,
        35.91999999999996,
        43.29999999999998,
        210.0
    ],
    "percentiles_number_aliases": [
        0.0,
        0.0,
        0.0,
        0.0,
        0.0,
        0.0,
        0.0,
        0.0,
        0.0,
        1.0,
        1.0,
        1.0,
        1.0,
        1.0,
        1.0,
        1.0,
        1.0,
        1.0,
        1.0,
        1.4600000000000009,
        2.0,
        2.0,
        2.0,
        2.0,
        2.0,
        2.0,
        2.0,
        2.0,
        2.0,
        2.0,
        2.0,
        2.0,
        2.0,
        2.0,
        2.0,
        2.8999999999999986,
        3.0,
        3.0,
        3.0,
        3.0,
        3.0,
        3.0,
        3.0,
        3.0,
        3.0,
        3.0,
        3.0,
        3.0,
        3.0,
        3.0,
        3.0,
        3.0,
        3.0,
        4.0,
        4.0,
        4.0,
        4.0,
        4.0,
        4.0,
        4.0,
        4.0,
        4.0,
        4.0,
        4.0,
        4.0,
        5.0,
        5.0,
        5.0,
        5.0,
        5.0,
        5.0,
        5.0,
        5.0,
        5.819999999999993,
        6.0,
        6.0,
        6.0,
        7.0,
        7.0,
        7.0,
        8.0,
        8.0,
        8.0,
        8.0,
        8.0,
        8.899999999999991,
        9.0,
        9.0,
        9.0,
        9.260000000000005,
        10.600000000000009,
        11.0,
        11.280000000000001,
        12.0,
        12.0,
        13.299999999999997,
        15.279999999999973,
        16.0,
        17.319999999999993,
        19.319999999999993,
        20.0
    ],
    "percentiles_len_aliases": [
        1.0,
        1.0,
        1.0,
        1.0,
        1.0,
        2.0,
        2.0,
        2.0,
        2.0,
        2.0,
        2.0,
        2.0,
        2.0,
        2.0,
        2.0,
        2.0,
        2.0,
        2.0,
        2.0,
        3.0,
        3.0,
        3.0,
        3.0,
        3.0,
        3.0,
        3.0,
        3.0,
        3.0,
        3.0,
        3.0,
        3.0,
        4.0,
        4.0,
        4.0,
        4.0,
        4.449999999999989,
        5.0,
        5.0,
        5.0,
        5.0,
        5.0,
        6.0,
        6.0,
        6.0,
        6.0,
        6.0,
        7.0,
        7.0,
        7.0,
        8.0,
        8.0,
        8.0,
        8.0,
        8.0,
        9.0,
        9.0,
        9.0,
        9.0,
        10.0,
        10.0,
        10.0,
        10.0,
        11.0,
        11.0,
        11.0,
        11.550000000000011,
        12.0,
        12.0,
        13.0,
        13.0,
        13.0,
        14.0,
        14.0,
        14.0,
        14.0,
        15.0,
        15.0,
        15.0,
        16.0,
        16.0,
        16.600000000000023,
        17.0,
        17.0,
        18.0,
        18.0,
        18.0,
        19.0,
        19.0,
        20.0,
        20.0,
        21.0,
        21.57000000000005,
        22.0,
        23.0,
        24.0,
        24.0,
        26.0,
        28.0,
        31.460000000000036,
        39.0,
        182.0
    ],
    "percentiles_len_aliases_labels": [
        1.0,
        1.0,
        1.0,
        1.0,
        2.0,
        2.0,
        2.0,
        2.0,
        2.0,
        2.0,
        2.0,
        2.0,
        2.0,
        2.0,
        2.0,
        2.0,
        3.0,
        3.0,
        3.0,
        3.0,
        3.0,
        3.0,
        3.0,
        3.0,
        3.0,
        3.0,
        4.0,
        4.0,
        4.0,
        4.0,
        4.0,
        5.0,
        5.0,
        5.0,
        5.0,
        5.0,
        5.0,
        5.0,
        6.0,
        6.0,
        6.0,
        6.0,
        6.0,
        6.0,
        6.0,
        6.0,
        7.0,
        7.0,
        7.0,
        7.0,
        7.0,
        8.0,
        8.0,
        8.0,
        8.0,
        8.0,
        8.0,
        9.0,
        9.0,
        9.0,
        9.0,
        10.0,
        10.0,
        10.0,
        10.0,
        11.0,
        11.0,
        11.0,
        12.0,
        12.0,
        12.0,
        13.0,
        13.0,
        13.0,
        14.0,
        14.0,
        14.0,
        15.0,
        15.0,
        15.0,
        16.0,
        16.0,
        16.0,
        17.0,
        17.0,
        18.0,
        18.0,
        18.0,
        19.0,
        20.0,
        20.0,
        21.0,
        22.0,
        23.0,
        23.279999999999973,
        24.0,
        26.0,
        28.0,
        32.0,
        39.379999999999995,
        210.0
    ],
    "num_entities": 252,
    "num_unique_entities": 150,
    "num_docs": 80,
    "ratio": 3.15,
    "emerging_entities": 218,
    "mentions": 470,
    "mentions_ratio": 5.875,
    "percentage_entities": 0.5361702127659574,
    "percentage_emerging_entities": 0.46382978723404256,
    "percentage_non_mappable": 0.0,
    "percentage_unique": 0.3191489361702128
}