{
    "average": 0.6339439102206555,
    "total_num_qualifiers": 85242,
    "total_statements": 134463,
    "count_dict": {
        "0": 75393,
        "2": 10808,
        "1": 43113,
        "3": 2745,
        "5": 722,
        "4": 1138,
        "8": 17,
        "6": 276,
        "7": 165,
        "9": 25,
        "16": 3,
        "10": 10,
        "12": 10,
        "18": 3,
        "20": 2,
        "11": 8,
        "13": 3,
        "15": 7,
        "29": 1,
        "17": 3,
        "23": 3,
        "65": 1,
        "30": 1,
        "14": 4,
        "24": 1,
        "26": 1
    },
    "total_items": 13438,
    "counter_descriptions": 12873,
    "extractors": [
        "entities",
        "labels",
        "qualifiers",
        "descriptions"
    ],
    "average_number_aliases": 0.9368032539921664,
    "average_length_labels": 9.531525423728814,
    "average_length_aliases": 13.813942269035941,
    "average_length_aliases_labels": 11.602948039825762,
    "percentiles_label_lengths": [
        1.0,
        3.0,
        3.0,
        4.0,
        4.0,
        4.0,
        4.0,
        4.0,
        4.0,
        5.0,
        5.0,
        5.0,
        5.0,
        5.0,
        5.0,
        5.0,
        5.0,
        5.0,
        6.0,
        6.0,
        6.0,
        6.0,
        6.0,
        6.0,
        6.0,
        6.0,
        6.0,
        6.0,
        6.720000000000255,
        7.0,
        7.0,
        7.0,
        7.0,
        7.0,
        7.0,
        7.0,
        7.0,
        7.0,
        7.0,
        7.0,
        8.0,
        8.0,
        8.0,
        8.0,
        8.0,
        8.0,
        8.0,
        8.0,
        8.0,
        8.0,
        8.0,
        9.0,
        9.0,
        9.0,
        9.0,
        9.0,
        9.0,
        9.0,
        9.0,
        9.0,
        10.0,
        10.0,
        10.0,
        10.0,
        10.0,
        10.0,
        10.0,
        10.0,
        11.0,
        11.0,
        11.0,
        11.0,
        11.0,
        11.0,
        12.0,
        12.0,
        12.0,
        12.0,
        12.0,
        12.0,
        13.0,
        13.0,
        13.0,
        13.0,
        13.0,
        14.0,
        14.0,
        14.0,
        14.0,
        15.0,
        15.0,
        16.0,
        16.0,
        17.0,
        17.0,
        18.0,
        19.0,
        20.0,
        23.0,
        26.26000000000022,
        169.0
    ],
    "percentiles_number_aliases": [
        0.0,
        0.0,
        0.0,
        0.0,
        0.0,
        0.0,
        0.0,
        0.0,
        0.0,
        0.0,
        0.0,
        0.0,
        0.0,
        0.0,
        0.0,
        0.0,
        0.0,
        0.0,
        0.0,
        0.0,
        0.0,
        0.0,
        0.0,
        0.0,
        0.0,
        0.0,
        0.0,
        0.0,
        0.0,
        0.0,
        0.0,
        0.0,
        0.0,
        0.0,
        0.0,
        0.0,
        0.0,
        0.0,
        0.0,
        0.0,
        0.0,
        0.0,
        0.0,
        0.0,
        0.0,
        0.0,
        0.0,
        0.0,
        0.0,
        0.0,
        0.0,
        0.0,
        0.0,
        0.0,
        0.0,
        0.0,
        0.0,
        0.0,
        0.0,
        0.0,
        0.0,
        0.0,
        0.0,
        0.0,
        1.0,
        1.0,
        1.0,
        1.0,
        1.0,
        1.0,
        1.0,
        1.0,
        1.0,
        1.0,
        1.0,
        1.0,
        1.0,
        1.0,
        1.0,
        1.0,
        1.0,
        1.0,
        2.0,
        2.0,
        2.0,
        2.0,
        2.0,
        2.0,
        2.0,
        3.0,
        3.0,
        3.0,
        3.0,
        4.0,
        4.0,
        4.0,
        5.0,
        5.0,
        6.0,
        9.0,
        96.0
    ],
    "percentiles_len_aliases": [
        1.0,
        2.0,
        2.0,
        2.0,
        2.0,
        2.0,
        3.0,
        3.0,
        3.0,
        4.0,
        4.0,
        4.0,
        5.0,
        5.0,
        5.0,
        5.0,
        5.0,
        6.0,
        6.0,
        6.0,
        6.0,
        6.0,
        7.0,
        7.0,
        7.0,
        7.0,
        7.0,
        7.0,
        8.0,
        8.0,
        8.0,
        8.0,
        8.0,
        9.0,
        9.0,
        9.0,
        9.0,
        9.0,
        10.0,
        10.0,
        10.0,
        10.0,
        10.0,
        11.0,
        11.0,
        11.0,
        11.0,
        11.0,
        12.0,
        12.0,
        12.0,
        12.0,
        13.0,
        13.0,
        13.0,
        13.0,
        14.0,
        14.0,
        14.0,
        14.0,
        15.0,
        15.0,
        15.0,
        15.0,
        15.0,
        16.0,
        16.0,
        16.0,
        16.0,
        17.0,
        17.0,
        17.0,
        17.0,
        18.0,
        18.0,
        18.0,
        19.0,
        19.0,
        19.0,
        20.0,
        20.0,
        20.0,
        21.0,
        21.0,
        21.0,
        22.0,
        22.0,
        23.0,
        23.0,
        24.0,
        25.0,
        26.0,
        27.0,
        28.0,
        29.0,
        30.0,
        32.0,
        34.0,
        38.0,
        45.0,
        176.0
    ],
    "percentiles_len_aliases_labels": [
        1.0,
        2.0,
        2.0,
        3.0,
        3.0,
        3.0,
        4.0,
        4.0,
        4.0,
        4.0,
        5.0,
        5.0,
        5.0,
        5.0,
        5.0,
        5.0,
        5.0,
        6.0,
        6.0,
        6.0,
        6.0,
        6.0,
        6.0,
        6.0,
        6.0,
        6.0,
        7.0,
        7.0,
        7.0,
        7.0,
        7.0,
        7.0,
        7.0,
        7.0,
        8.0,
        8.0,
        8.0,
        8.0,
        8.0,
        8.0,
        8.0,
        8.0,
        9.0,
        9.0,
        9.0,
        9.0,
        9.0,
        9.0,
        9.0,
        10.0,
        10.0,
        10.0,
        10.0,
        10.0,
        10.0,
        10.0,
        11.0,
        11.0,
        11.0,
        11.0,
        11.0,
        11.0,
        12.0,
        12.0,
        12.0,
        12.0,
        12.0,
        13.0,
        13.0,
        13.0,
        13.0,
        14.0,
        14.0,
        14.0,
        14.0,
        15.0,
        15.0,
        15.0,
        16.0,
        16.0,
        16.0,
        17.0,
        17.0,
        17.0,
        18.0,
        18.0,
        19.0,
        19.0,
        20.0,
        20.0,
        21.0,
        21.0,
        22.0,
        23.0,
        24.0,
        26.0,
        27.0,
        29.0,
        33.0,
        39.0,
        176.0
    ],
    "average_length_aliases_per_entity": 5.272106292184317,
    "num_entities": 10000,
    "num_unique_entities": 5727,
    "num_docs": 10000,
    "ratio": 1.0,
    "emerging_entities": 0,
    "mentions": 10000,
    "mentions_ratio": 1.0,
    "percentage_entities": 1.0,
    "percentage_emerging_entities": 0.0,
    "percentage_non_mappable": 0.0,
    "percentage_unique": 0.5727
}