{
    "average": 1.0534010229788533,
    "total_num_qualifiers": 27597,
    "total_statements": 26198,
    "count_dict": {
        "0": 5894,
        "2": 3084,
        "1": 15818,
        "3": 788,
        "5": 246,
        "4": 274,
        "7": 5,
        "6": 61,
        "20": 1,
        "10": 1,
        "11": 2,
        "14": 4,
        "18": 2,
        "12": 2,
        "31": 1,
        "41": 1,
        "9": 5,
        "65": 1,
        "30": 1,
        "22": 1,
        "23": 2,
        "8": 2,
        "39": 1,
        "17": 1
    },
    "total_items": 1113,
    "counter_descriptions": 1049,
    "extractors": [
        "entities",
        "labels",
        "qualifiers",
        "descriptions"
    ],
    "average_number_aliases": 2.5330316742081447,
    "average_length_labels": 17.542081447963803,
    "average_length_aliases": 15.614862450875313,
    "average_length_aliases_labels": 16.16034836065574,
    "percentiles_label_lengths": [
        3.0,
        4.0,
        4.0,
        5.0,
        5.0,
        5.0,
        5.0,
        5.0,
        6.0,
        6.0,
        6.0,
        6.0,
        6.0,
        6.0,
        6.0,
        6.0,
        7.0,
        7.0,
        7.0,
        7.0,
        7.0,
        7.0,
        7.0,
        7.0,
        8.0,
        8.0,
        8.0,
        8.0,
        8.0,
        8.0,
        8.0,
        9.0,
        9.0,
        9.0,
        9.0,
        9.0,
        9.0,
        9.0,
        9.0,
        10.0,
        10.0,
        10.0,
        11.0,
        11.0,
        11.0,
        12.0,
        12.0,
        13.0,
        13.919999999999959,
        14.0,
        15.0,
        15.0,
        16.0,
        16.0,
        16.0,
        17.0,
        17.0,
        18.0,
        18.0,
        18.0,
        19.0,
        19.0,
        19.0,
        20.0,
        20.0,
        20.0,
        21.0,
        21.0,
        21.0,
        22.0,
        22.0,
        23.0,
        23.0,
        23.0,
        24.0,
        24.0,
        25.0,
        25.0,
        26.0,
        27.0,
        27.0,
        28.0,
        29.0,
        29.0,
        30.0,
        31.0,
        31.0,
        32.0,
        32.51999999999998,
        34.0,
        34.60000000000002,
        36.0,
        37.0,
        39.0,
        40.0,
        41.0,
        43.0,
        45.0,
        46.0,
        53.0,
        83.0
    ],
    "percentiles_number_aliases": [
        0.0,
        0.0,
        0.0,
        0.0,
        0.0,
        0.0,
        0.0,
        0.0,
        0.0,
        0.0,
        0.0,
        0.0,
        0.0,
        0.0,
        0.0,
        0.0,
        0.0,
        0.0,
        0.0,
        0.0,
        0.0,
        0.0,
        0.0,
        0.0,
        0.0,
        1.0,
        1.0,
        1.0,
        1.0,
        1.0,
        1.0,
        1.0,
        1.0,
        1.0,
        1.0,
        1.0,
        1.0,
        1.0,
        1.0,
        1.0,
        1.0,
        1.0,
        1.0,
        1.0,
        1.0,
        1.0,
        1.0,
        1.0,
        2.0,
        2.0,
        2.0,
        2.0,
        2.0,
        2.0,
        2.0,
        2.0,
        2.0,
        2.0,
        2.0,
        2.0,
        2.0,
        2.0,
        2.0,
        2.0,
        2.0,
        3.0,
        3.0,
        3.0,
        3.0,
        3.0,
        3.0,
        3.0,
        3.0,
        3.0,
        3.0,
        3.0,
        4.0,
        4.0,
        4.0,
        4.0,
        4.0,
        4.0,
        4.0,
        4.0,
        4.360000000000014,
        5.0,
        5.0,
        5.0,
        5.0,
        6.0,
        6.0,
        6.0,
        6.680000000000064,
        7.0,
        7.0,
        8.0,
        9.0,
        10.0,
        11.0,
        12.0,
        95.0
    ],
    "percentiles_len_aliases": [
        1.0,
        2.0,
        2.0,
        2.0,
        2.0,
        2.0,
        2.0,
        2.0,
        3.0,
        3.0,
        3.0,
        3.0,
        3.0,
        3.0,
        3.7200000000000273,
        4.0,
        4.0,
        4.0,
        4.0,
        5.0,
        5.0,
        5.0,
        5.0,
        6.0,
        6.0,
        6.0,
        6.0,
        7.0,
        7.0,
        7.0,
        7.0,
        7.0,
        8.0,
        8.0,
        8.0,
        8.0,
        9.0,
        9.0,
        9.0,
        10.0,
        10.0,
        10.0,
        11.0,
        11.0,
        11.0,
        12.0,
        12.0,
        13.0,
        13.0,
        13.0,
        14.0,
        14.0,
        14.0,
        15.0,
        15.0,
        15.0,
        16.0,
        16.0,
        16.0,
        16.0,
        17.0,
        17.0,
        17.0,
        17.0,
        17.720000000000027,
        18.0,
        18.0,
        18.0,
        19.0,
        19.0,
        19.0,
        20.0,
        20.0,
        20.0,
        21.0,
        21.0,
        22.0,
        22.0,
        22.0,
        23.0,
        24.0,
        24.0,
        25.0,
        26.0,
        26.0,
        27.0,
        28.0,
        29.0,
        30.0,
        31.0,
        32.0,
        33.0,
        33.0,
        35.0,
        36.0,
        38.0,
        41.0,
        44.0,
        46.039999999999964,
        56.0,
        149.0
    ],
    "percentiles_len_aliases_labels": [
        1.0,
        2.0,
        2.0,
        2.0,
        2.0,
        2.0,
        3.0,
        3.0,
        3.0,
        3.0,
        3.0,
        4.0,
        4.0,
        4.0,
        4.0,
        5.0,
        5.0,
        5.0,
        5.0,
        6.0,
        6.0,
        6.0,
        6.0,
        6.0,
        7.0,
        7.0,
        7.0,
        7.0,
        7.0,
        8.0,
        8.0,
        8.0,
        8.0,
        8.0,
        8.0,
        9.0,
        9.0,
        9.0,
        9.0,
        10.0,
        10.0,
        10.0,
        11.0,
        11.0,
        11.0,
        12.0,
        12.0,
        13.0,
        13.0,
        14.0,
        14.0,
        14.0,
        15.0,
        15.0,
        15.0,
        16.0,
        16.0,
        16.0,
        17.0,
        17.0,
        17.0,
        17.0,
        18.0,
        18.0,
        18.0,
        19.0,
        19.0,
        19.0,
        19.0,
        20.0,
        20.0,
        21.0,
        21.0,
        21.0,
        22.0,
        22.0,
        22.2800000000002,
        23.0,
        24.0,
        24.0,
        25.0,
        25.0,
        26.0,
        27.0,
        28.0,
        28.0,
        29.0,
        30.0,
        31.0,
        32.0,
        33.0,
        33.0,
        34.0,
        36.0,
        37.81999999999971,
        39.0,
        42.0,
        44.0,
        46.0,
        53.0,
        149.0
    ],
    "average_length_aliases_per_entity": 12.20278679978479,
    "num_entities": 2073,
    "num_unique_entities": 1113,
    "num_docs": 750,
    "ratio": 2.764,
    "emerging_entities": 0,
    "mentions": 2073,
    "mentions_ratio": 2.764,
    "percentage_entities": 1.0,
    "percentage_emerging_entities": 0.0,
    "percentage_non_mappable": 0.0,
    "percentage_unique": 0.5369030390738061
}